<?xml version="1.0" encoding="UTF-8"?>
<Window size="800,600" caption="0,0,0,50" roundcorner="6,6" shadowimage="file='../public/bk/bk_shadow.png' corner='10,10,10,10'" shadowattached="true">
	<VBox>
	<!--borderround="6,6" bkimage="file='images/first.png' corner='3,3,3,3'"-->
		<TabBox name="6ABC148B55CB" margin="0,0,0,0" borderround="6,6">
		<!--First Page bkimage="images/first.png"-->
			<VBox  bkimage="images/first.png" margin="0,0,0,0" userdata="frist">
				<VBox name="7DFBC6A2665E" float="true" margin="30,474,0,0" height="90">
				<VBox>
				<HBox height="30">	
				<CheckBox margin="0,0,0,0" cursortype="hand" name="B43143269D13" selected="false" normalimage="images/btn_Expand.png" selectednormalimage="images/btn_Collapse.png"/>
				<Label margin="5,-2,0,0" name="1D3548D2524E" font="system_14" text="自定义选项"  normaltextcolor="blue" />
				</HBox>
				<HBox name="4DE049B7A30A" visible="false" margin="20,0,0,0" bordersize="1" bordercolor="custom01" width="420" height="30">
				<RichEdit name="203DF43449B5" font="system_14" margin="5,4,0,0" multiline="false" hscrollbar="false" vscrollbar="false" wanttab="false" rich="false" maxchar="260"
				text="C:/ProgramData/MarsProjects/"
				>	
				</RichEdit>
				<Button margin="0,5,6,0" name="00891DC7AC71" cursortype="hand" bkimage="images/btn_folder.png"/>
				</HBox>
				</VBox>
				<HBox margin="0,10,0,0" >
				<CheckBox margin="0,2,0,0" name="76FE7E4AF3F5" selected="true" selectednormalimage="images/btn_AgreeToAgreement.png" normalimage="images/btn_DisagreeWithAgreement.png" cursortype="hand"/>
				<HBox margin="5,0,0,0">
				<Label font="system_14" text="我已阅读并同意"  normaltextcolor="black" />
				<Button name="9490DE14EAE8" margin="0,0,0,0" text="《用户服务协议》" font="system_bold_14" normaltextcolor="blue" cursortype="hand"/>
				<Label font="system_14" text="和"  normaltextcolor="black" />
				<Button name="152924DB4F21"  margin="0,0,0,0" text="《隐私协议》" font="system_bold_14" normaltextcolor="blue" cursortype="hand"/>
				</HBox>
				</HBox>
				</VBox>		
				<Label name="718DDC0FF73A" float="true" margin="583,190,0,0" font="system_18" text=""  normaltextcolor="white" />
				<Button float="true" cursortype="hand" margin="575,472,0,0" name="BBC8BDA5BA57" normalimage="images/btn_StartInstallation-2.png" hotimage="images/btn_StartInstallation-1.png" disabledimage="images/btn_StartInstallation-0.png"/>
			</VBox>			
			<!--Finished-->
			<VBox bkimage="images/finished.png" margin="0,0,0,0" userdata="finished">
				<HBox margin="0,468,0,0">
					<Control width="211"/>
					<HBox>
						<CheckBox name="381708398D6C" margin="0,0,0,0" selected="true" selectednormalimage="images/cb_selected.png" normalimage="images/cb_unselected.png" cursortype="hand"/>
						<Label font="msyh_14" text="创建桌面快捷方式"  margin="5,-1,0,0" normaltextcolor="white" />
					</HBox>
					<Control width="20"/>
					<HBox>
					<CheckBox name="D5CCAE68E612" selected="true" selectednormalimage="images/cb_selected.png" normalimage="images/cb_unselected.png" cursortype="hand"/>
					<Label font="msyh_14" text="立即运行软件"  margin="5,-1,0,0" normaltextcolor="white" />
					</HBox>
					<HBox>
					<CheckBox name="10B20870BECC" selected="false" selectednormalimage="images/cb_selected.png" normalimage="images/cb_unselected.png" cursortype="hand"/>
					<Label font="msyh_14" text="开机自启动"  margin="5,-1,0,0" normaltextcolor="white" />
					</HBox>
					<Control />
				</HBox>
				<Button float="true" margin="325,399,0,0" name="4F63DD47F434" bkimage="images/btn_finished.png" cursortype="hand"/>
			</VBox>	
				<!--Uninstall-->
			<VBox margin="0,0,0,0" userdata="uninstall">
				<TabBox name="57C3F497F8D3" margin="0,0,0,0">
					<VBox bkimage="images/un_bk1.png" margin="0,0,0,0"><!--确定卸载？-->
									<VBox margin="0,420,0,0">
					<HBox>
						<Control />
						<Label name="3BE4ED1D6E27" font="system_bold_16" text="" height="30" margin="0,0,0,0" normaltextcolor="white" />
						<Control />
					</HBox>
					<HBox name="8120E253A5EE" visible="false">
					<Control height="20"/>
					<Button name="556A6AEA72FD" width="70" height="30" bkcolor="green" margin="0,0,0,0" text="确 定" font="msyh_bold_16" normaltextcolor="white" cursortype="hand"/>				
					<Control />
					</HBox>
					<Control />
					</VBox>
					<Button float="true" margin="240,470,0,0" name="171E129508A9" bkimage="images/btn_uninstall.png" cursortype="hand"/>
					<Button float="true" margin="410,470,0,0" name="9457BEB19312" bkimage="images/btn_cancel_un.png" cursortype="hand"/>
					</VBox>
					<VBox bkimage="images/un_bk2.png" margin="0,0,0,0"><!--卸载原因-->
						<VBox float="true" margin="50,340,0,0" width="700" height="74" bkimage="images/un_bk2_bk0.png">
							<RichEdit class="prompt" name="0ECC546ACF8C"  font="system_14" padding="7,5,3,5" 
							multiline="true" vscrollbar="true" hscrollbar="false"
							normaltextcolor="white" wantreturnmsg="false" rich="false" readonly="false"
							text="说说您使用时遇到的问题或建议"
							dataid="说说您使用时遇到的问题或建议"/>
						</VBox>
						
						<VBox float="true" margin="50,434,0,0" width="700" height="34" bkimage="images/un_bk2_bk1.png">
							<RichEdit class="prompt" name="9A6E7358C587"  font="system_14" padding="7,6,3,5" 
							multiline="true" vscrollbar="true" hscrollbar="false"
							normaltextcolor="white" wantreturnmsg="false" rich="false" readonly="false"
							text="留下您的联系方式，便于我们联系您解决问题，手机号/QQ/微信号"
							dataid="留下您的联系方式，便于我们联系您解决问题，手机号/QQ/微信号"
							/>
						</VBox>
				
						<!--功能复杂-->
						<CheckBox float="true" name="95760E7A38E4" margin="52,270,0,0" selected="false" selectednormalimage="images/cb_selected.png" normalimage="images/cb_unselected.png" cursortype="hand"/>
						<!--卡顿-->
						<CheckBox float="true" name="F0C666ECC29D" margin="52,301,0,0" selected="false" selectednormalimage="images/cb_selected.png" normalimage="images/cb_unselected.png" cursortype="hand"/>
						<!--界面差-->
						<CheckBox float="true" name="F48213FDCA5D" margin="217,270,0,0" selected="false" selectednormalimage="images/cb_selected.png" normalimage="images/cb_unselected.png" cursortype="hand"/>
						<!--闪退-->
						<CheckBox float="true" name="D372D29DC165" margin="217,301,0,0" selected="false" selectednormalimage="images/cb_selected.png" normalimage="images/cb_unselected.png" cursortype="hand"/>
						<!--操作不直观-->
						<CheckBox float="true" name="48F874F74981" margin="400,270,0,0" selected="false" selectednormalimage="images/cb_selected.png" normalimage="images/cb_unselected.png" cursortype="hand"/>
						<!--功能不符合需求-->
						<CheckBox float="true" name="4620619A380C" margin="400,301,0,0" selected="false" selectednormalimage="images/cb_selected.png" normalimage="images/cb_unselected.png" cursortype="hand"/>
						<!--提示不清晰-->
						<CheckBox float="true" name="F4D8BC46EF7D" margin="585,270,0,0" selected="false" selectednormalimage="images/cb_selected.png" normalimage="images/cb_unselected.png" cursortype="hand"/>
						<!--功能缺失-->
						<CheckBox float="true" name="DE972FE7EE65" margin="585,301,0,0" selected="false" selectednormalimage="images/cb_selected.png" normalimage="images/cb_unselected.png" cursortype="hand"/>
						<!--继续卸载 再想想-->
						<Button float="true" margin="240,528,0,0" name="194FA7080E93" bkimage="images/btn_uninstall.png" cursortype="hand"/>
						<Button float="true" margin="410,528,0,0" name="16D82C1F9406" bkimage="images/btn_cancel_un.png" cursortype="hand"/>
					</VBox>
					<VBox bkimage="images/un_bk3.png" margin="0,0,0,0"><!--卸载中-->
					
					</VBox>
					<VBox bkimage="images/un_bk4.png" margin="0,0,0,0"><!--卸载完成-->
						<Button float="true" margin="350,236,0,0" name="1467430408EB" bkimage="images/un_btn_finished.png" cursortype="hand"/>
					</VBox>
				</TabBox>
			<!--
				<VBox margin="0,420,0,0">
				<HBox>
					<Control />
					<Label name="3BE4ED1D6E27" font="system_bold_16" text="" height="30" margin="0,0,0,0" normaltextcolor="white" />
					<Control />
				</HBox>
				<HBox name="8120E253A5EE" visible="false">
				<Control height="20"/>
				<Button name="556A6AEA72FD" width="70" height="30" bkcolor="green" margin="0,0,0,0" text="确 定" font="msyh_bold_16" normaltextcolor="white" cursortype="hand"/>				
				<Control />
				</HBox>
				<Control />
				</VBox>
				<Button float="true" margin="240,470,0,0" name="171E129508A9" bkimage="images/btn_uninstall.png" cursortype="hand"/>
				<Button float="true" margin="410,470,0,0" name="9457BEB19312" bkimage="images/btn_cancel_un.png" cursortype="hand"/>
				-->
			</VBox>
			<!--Service Protocol-->
			<VBox bkimage="images/bg_service_protocol.png" margin="0,0,0,0" userdata="protocol">
				<VBox height="60">
				<Label font="system_bold_22" text="软件许可协议"  margin="30,15,0,0" normaltextcolor="white" />
				</VBox>
				<HBox>
				<Control width="30"/>
				<VBox>
				<RichEdit class="prompt" name="5BFC918D0F55" font="system_18" padding="20,10,0,0" bkcolor="bk_wnd_lightcolor"
				multiline="true" vscrollbar="true" hscrollbar="false"
				normaltextcolor="darkcolor" wantreturnmsg="false" rich="false" readonly="true"/>
				</VBox>
				<Control width="30"/>
				</HBox>
				<HBox margin="30,0,30,0" height="50" bkcolor="white">
					<Control />
					<Button margin="0,6,0,0" name="94972605BEE1" width="70" height="32" cursortype="hand" borderround="4,4" text="确 定" font="msyh_bold_16" normaltextcolor="white" bkcolor="custom004"/>
					<Control />
				</HBox>
				<Control height="20"/>
			</VBox>
			<!--Slogan-->
			<VBox bkimage="images/slogan1.png" margin="0,0,0,0" userdata="slogan"/>
			<VBox bkimage="images/slogan2.png" margin="0,0,0,0" userdata="slogan"/>
			<VBox bkimage="images/slogan3.png" margin="0,0,0,0" userdata="slogan"/>
		</TabBox>

		<HBox float="true" width="stretch" height="50" margin="0,0,0,0">
			<Control />
			<Button class="btn_wnd_white_min" margin="0,15,20,0" name="minbtn" cursortype="hand"/>
			<Button class="btn_wnd_white_close" margin="0,15,20,0" name="0BA894CC18C3" cursortype="hand"/>	
		</HBox>	
		
		<VBox name="D46BC09BB829" visible="false" float="true" margin="51,552,0,0" height="50" width="705">
			<Progress class="progress_green" name="5598ED5488CB" height="4" value="0" max="100" margin="0,0,-2,0" borderround="4,4" />
			<Control height="10"/>
			<HBox>
				<Control />
				<Label name="B3D764CF3B0C" font="msyh_16" text="已完成"  margin="0,0,0,0" normaltextcolor="white" />
				<Control width="3"/>
				<Label name="A779051F6427" font="system_16" text="0%"  margin="0,0,0,0" normaltextcolor="white" />
				<Control />
			</HBox>
		</VBox>
	</VBox>
</Window>
