<?xml version="1.0" encoding="UTF-8"?>
<Window size="680,454" caption="0,0,0,32">
	<VBox bkcolor="bk_wnd_darkcolor">
		<HBox width="stretch" height="34" bkcolor="bk_wnd_lightcolor">
			<!--
			<Control name="AA433BFF" bkimage="images/chromium.png" width="24" height="24" margin="5,5,0,0" mouse="false" tooltiptext="aslfkasg" />
			<Control name="7A7880AC" bkimage="images/firefox.png" width="32" height="32" margin="5,1,0,0" mouse="false" />
			<Control name="E9B02727" bkimage="images/wxwidgets.ico" width="24" height="24" margin="5,5,0,0" mouse="false" />
			<Control name="8F6FCE24" bkimage="images/github.png" width="24" height="24" margin="5,3,0,0" mouse="false" />
			-->
			<!-- <Control name="logo_google" bkimage="images/google.png" width="22" height="22" margin="5,5,0,0" mouse="false" /> -->
			<!-- <Control name="logo_microsoft" bkimage="images/microsoft.png" width="22" height="22" margin="5,5,0,0" mouse="false" /> -->
			<Control name="E9B02727" bkimage="images/logo.ico" width="24" height="24" margin="5,5,0,0" mouse="false" />
			<Label name="main_title" font="arial_14" text="" margin="5,7,0,0" normaltextcolor="black" />
			<Control />
			<Button class="btn_wnd_min" name="minbtn" margin="4,6,0,0" />
			<Control width="10" />
			<Button class="btn_wnd_close" name="0BA894CC18C3" margin="4,6,8,0" />
		</HBox>
		<VBox bkimage="images/000.png" margin="0,0,0,0">	
		
			<TabBox name="66EAA910" margin="0,0,0,0">
			<VBox bkimage="images/001.png" margin="0,0,0,0">
			</VBox>
			<VBox bkimage="images/002.png" margin="0,0,0,0">
			</VBox>
			<VBox bkimage="images/003.png" margin="0,0,0,0">
			</VBox>
			<VBox bkimage="images/004.png" margin="0,0,0,0">
			</VBox>		
			</TabBox>
			
			<HBox float="true" margin="0,20,0,0" width="auto" height="20" halign="center">
				<Control margin="0,-2,0,0" width="auto" height="auto" bkimage="../public/animation/ani_loading.gif" valign="center" />
				<Control width="10" />
				<Label name="0C257D26A627" font="system_bold_14" text="正在下载" normaltextcolor="white" />
				<Control width="5" />
				<Label name="ADE6E3352974" font="system_bold_14" text="0" normaltextcolor="orange" />
				<Control width="2" />
				<Label name="1A7E72666BF7" font="system_bold_14" text="%" normaltextcolor="white" />
			</HBox>
		</VBox>
		<VBox margin="0,0,0,0" height="20">
			<Progress class="progress_blue" name="7DEBFEA26674" height="20" value="0" max="100" margin="0,0,-2,0" />
		</VBox>
	</VBox>
</Window>
