<?xml version="1.0" encoding="utf-8"?>
<Windows>
	<!-- 进度 -->
	<VerticalLayout>
        <VerticalLayout height="250" bkimage="top_bg.png">
			<VerticalLayout height="50" inset="20,15,0,0">
				<Label font="0" text="XXXX客户端安装" align="left" valign="center" textcolor="0xFFFFFFFF"/>
			</VerticalLayout>
			<VerticalLayout>
				<HorizontalLayout>
					<Label font="6" text="产品名称•产品名称" textpadding="0,0,0,40" align="center" textcolor="0xFFFFFFFF"/>
				</HorizontalLayout>
			</VerticalLayout>				
		</VerticalLayout>
		<VerticalLayout bkcolor="0xFFFFFFFF">
			<Control height="50"/>
            <Label name="slrProgressLabel" height="40" font="2" text="正在安装" textpadding="25,0,0,0" align="left" valign="center" textcolor="0xFF000000"/>
			<Slider name="slrProgress" padding="25,0,0,0" height="12" width="500" mouse="false" foreimage="process_top.png" bkimage="process_bottom.png" thumbsize="0,0" bkcolor="#FFD8D8D8"/>
            <Control />
		</VerticalLayout>
	</VerticalLayout>
</Windows>