<?xml version="1.0" encoding="utf-8"?>
<Window size="340,166" sizebox="0,0,0,0" caption="0,0,0,37" showshadow="true" shadowimage="bk_shadow.png" shadowsize="5" shadowcorner="9,9,9,9">

    <Font id="0" name="微软雅黑" size="12" bold="false" default="true"/>
    <Font id="0" name="微软雅黑" size="14" bold="false"/>
    
    <VerticalLayout width="340" height="166">
        <HorizontalLayout height="37" bkimage="file='msgtop_bg.png' corner='10,0,10,10'">
            <Label name="lblTitle" textpadding="15,0,0,0" text="警告" textcolor="0xFFFFFFFF" />
            <HorizontalLayout float="true" pos="308,5,335,32">
                <!--<Button name="btnMinimize" width="28" height="20" normalimage="min_normal.png" hotimage="min_hot.png" pushedimage="min_pushed.png" />-->
                <Button name="btnClose" width="27" height="27" normalimage="btn_close_normal.png" hotimage="btn_close_hover.png" pushedimage="btn_close_pushed.png" />
			</HorizontalLayout>  	
        </HorizontalLayout>
        <VerticalLayout>
            <HorizontalLayout bkcolor="0xFFFFFFFF">
                <Container width="40" />
                <VerticalLayout width="38" >
                    <Container  />
                    <Label bkimage="msg_info.png"  height="39"  />
                    <Container />
                </VerticalLayout>
                <Container width="10" />
                <Text name="lblMsg" width="220" height="90" font="1" valign="vcenter" align="left" textcolor="0xFF000000" showhtml="false" bkcolor="0xFFFFFFFF" />
            </HorizontalLayout>
            <HorizontalLayout height="40" inset="0,5,0,0" bkimage="file='msgbottom_bg.png' corner='10,0,10,10'">
                    <Container />
                    <Button name="btnOK" width="66" height="26" text="确定" textpadding="0,0,0,2" normalimage="file='btnseldir.png' source='0,78,66,104' corner='5,5,5,5'" hotimage="file='btnseldir.png' source='0,26,66,52' corner='5,5,5,5'" pushedimage="file='btnseldir.png' source='0,52,66,78' corner='5,5,5,5'"/>
                    <Control width="15"/>
                    <HorizontalLayout name="hlCancel" visible="false" width="68">
                        <Button name="btnCancel" width="66" height="26" text="取消" textpadding="0,0,0,2" normalimage="file='btnseldir.png' source='0,0,66,26' corner='5,5,5,5'" hotimage="file='btnseldir.png' source='0,26,66,52' corner='5,5,5,5'" pushedimage="file='btnseldir.png' source='0,52,66,78' corner='5,5,5,5'"/>
                    </HorizontalLayout>
                    <Container width="20" />
            </HorizontalLayout>
        </VerticalLayout>
			
    </VerticalLayout>

</Window>