<?xml version="1.0" encoding="utf-8"?>
<Window size="460,410" sizebox="0,0,0,0" caption="0,0,0,460" showshadow="true" shadowimage="bk_shadow.png" shadowsize="5" shadowcorner="9,9,9,9">
  <Font id="0" name="微软雅黑" size="12" bold="false" default="true"/>
  <Font id="1" name="微软雅黑" size="12" bold="true" />
  <Font id="2" name="微软雅黑" size="14" bold="false" />
  <Font id="3" name="微软雅黑" size="14" bold="true" /> 
  <Font id="4" name="微软雅黑" size="16" bold="false" />  
  <Font id="5" name="微软雅黑" size="18" bold="false" />  
  <Font id="6" name="微软雅黑" size="24" bold="false" />
  <Font id="7" name="微软雅黑" size="32" bold="false" />
	<Include source="default.xml"/>
	<VerticalLayout>
		<TabLayout name="wizardTab">
			<Include source="uninstallpage.xml" />
            <Include source="uninstallingpage.xml" />
            <Include source="uninstallfinishpage.xml" />
		</TabLayout>
		<HorizontalLayout float="true" pos="401,5,455,32" >
			<Container />
			<Button name="btnMinimize" width="27" height="27" normalimage="btn_min_normal.png" hotimage="btn_min_hover.png" pushedimage="btn_min_pushed.png" />
			<Button name="btnClose" width="27" height="27" normalimage="btn_close_normal.png" hotimage="btn_close_hover.png" pushedimage="btn_close_pushed.png" disabledimage="btn_close_disabled.png" />
		</HorizontalLayout> 
	</VerticalLayout>
</Window>