<?xml version="1.0" encoding="utf-8"?>
<Windows>
    <VerticalLayout >
        <VerticalLayout width="460" height="245" bkimage="uni_top_bg.png">
            <VerticalLayout height="30" inset="10,10,0,0">
				<Label text="XXXX客户端卸载" align="left" valign="center" textcolor="0xFFFFFFFF"/>
			</VerticalLayout>
            <VerticalLayout>
				<Control height="70" />
                <Text height="30" font="4" text="感谢使用产品名称" textpadding="240,0,0,0" valign="vcenter" align="left" textcolor="0xFFFFFFFF" showhtml="false"/>
                <Text height="30" font="4" text="期待下次更好的相遇！" textpadding="240,0,0,0" valign="vcenter" align="left" textcolor="0xFFFFFFFF" showhtml="false"/>
                <Control />
			</VerticalLayout>                
        </VerticalLayout>
        <VerticalLayout bkcolor="0xFFFFFFFF" >
            <HorizontalLayout padding="0,33,0,0" height="30" >
                <Control />     
                <Button name="btnUnInstall" width="102" height="30" font="2" text="卸载" textcolor="0xFFFFFFFF" normalimage="file='btn_primary_normal.png' corner='5,5,5,5'" hotimage="file='btn_primary_hover.png' corner='5,5,5,5'" pushedimage="file='btn_primary_pushed.png' corner='5,5,5,5'" />
                <Control width="25" />
                <Button name="btnCancel" width="102" height="30" font="2" text="取消" textcolor="0xFFFFFFFF" normalimage="file='btn_warning_normal.png' corner='5,5,5,5'" hotimage="file='btn_warning_hover.png' corner='5,5,5,5'" pushedimage="file='btn_warning_pushed.png' corner='5,5,5,5'"/>
                <Control />
            </HorizontalLayout>
        </VerticalLayout>
    </VerticalLayout>
</Windows>