﻿<?xml version="1.0" encoding="utf-8"?>
<Windows>
    <!-- 完成 -->
    <VerticalLayout >
        <VerticalLayout width="550" height="295" bkimage="uni_top_bg2.png">
            <Control />
            <Text height="50" font="6" text="卸载成功！" textpadding="320,0,0,0" valign="vcenter" align="left" textcolor="0xFFFFFFFF" showhtml="false"/>
            <Control />
        </VerticalLayout>
        <VerticalLayout bkimage="file='bottom_bg.png' corner='10,0,10,10'"  >  
            <HorizontalLayout padding="0,33,0,0">
                <Control />
                <Button name="btnUninstalled" width="120" height="40" text="完成" textcolor="0xFFFFFFFF" font="4" normalimage="file='btn_warning_normal.png' corner='5,5,5,5'" hotimage="file='btn_warning_hover.png' corner='5,5,5,5'" pushedimage="file='btn_warning_pushed.png' corner='5,5,5,5'"/>
                <Control />
            </HorizontalLayout>           
        </VerticalLayout>
    </VerticalLayout>
</Windows>