<?xml version="1.0" encoding="UTF-8"?>
<Window size="900,600" caption="0,0,0,35" sizebox="4,4,4,4">
  <VBox bkcolor="bk_wnd_darkcolor">
    <HBox width="stretch" height="35" bkcolor="bk_wnd_lightcolor">
      <Control />
      <Button class="btn_wnd_min" name="minbtn" margin="4,6,0,0"/>
      <Box width="21" margin="4,6,0,0">
        <Button class="btn_wnd_max" name="maxbtn"/>
        <Button class="btn_wnd_restore" name="restorebtn" visible="false"/>
      </Box>
      <Button class="btn_wnd_close" name="closebtn" margin="4,6,8,0"/>
    </HBox>
    <HBox>
      <!--<TreeView class="list" name="tree" width="240" margin="10,30,5,30" bkcolor="splitline_level1" indent="20"/>
      <VListBox class="list" name="list" width="140" margin="10,30,5,30" bkcolor="splitline_level1"/>-->
      <MyGrid name="grid" margin="10,30,10,30" vscrollbar ="true" hscrollbar ="true" />
      <VBox width="80" margin="10,30,10,30">
        <Label height="18" margin="0,10" text="row:"/>
        <RichEdit class="simple prompt" name="re_row" height="20" margin="0,10" number="true" prompttext="row"/>
        <Label height="18" margin="0,10" text="col:"/>
        <RichEdit class="simple prompt" name="re_col" height="20" margin="0,10" number="true" prompttext="col"/>
        <Label height="18" margin="0,10" text="fixed_row:"/>
        <RichEdit class="simple prompt" name="re_fixed_row" height="20" margin="0,10" number="true" prompttext="fixed row"/>
        <Label height="18" margin="0,10" text="fixed_col:"/>
        <RichEdit class="simple prompt" name="re_fixed_col" height="20" margin="0,10" number="true" prompttext="fixed col"/>
        <Button class="btn_global_blue_80x30" name="btn_add_row" width="80" height="20" margin="0,10" align="hcenter" text="添加行"/>
        <Button class="btn_global_blue_80x30" name="btn_remove_row" width="80" height="20" margin="0,10" align="hcenter" text="删除行2"/>
        <Button class="btn_global_blue_80x30" name="btn_add_col" width="80" height="20" margin="0,10" align="hcenter" text="添加列"/>
        <Button class="btn_global_blue_80x30" name="btn_remove_col" width="80" height="20" margin="0,10" align="hcenter" text="删除列2"/>
        <Button class="btn_global_blue_80x30" name="btn_import_excel" width="80" height="20" margin="0,10" align="hcenter" text="导入excel"/>
      </VBox>
    </HBox>
  </VBox>
</Window>